t,pos
0.002999544143676758,0.5118267601156392
0.004998922348022461,0.5118267601156392
0.006998300552368164,0.5118267601156392
0.008997678756713867,0.5118267601156392
0.010997772216796875,0.5118267601156392
0.012996435165405273,0.5118267601156392
0.014997005462646484,0.5118267601156392
0.01699542999267578,0.5118267601156392
0.01899576187133789,0.5118267601156392
0.02099466323852539,0.5118267601156392
0.022994518280029297,0.5118267601156392
0.02399420738220215,0.5118267601156392
0.0269930362701416,0.5118267601156392
0.028991222381591797,0.5118267601156392
0.0309906005859375,0.5118267601156392
0.03299069404602051,0.5118267601156392
0.03498959541320801,0.5118267601156392
0.03698873519897461,0.5118267601156392
0.03898787498474121,0.5118267601156392
0.04098773002624512,0.5118267601156392
0.04198765754699707,0.5118267601156392
0.04398608207702637,0.5169450277167955
0.04598546028137207,0.5220632953179519
0.04798436164855957,0.5271815629191083
0.04998373985290527,0.5322998305202647
0.05198335647583008,0.5322998305202647
0.05398273468017578,0.5425363657225775
0.055982351303100586,0.5476546333237339
0.057981252670288086,0.5578911685260467
0.05998086929321289,0.5681277037283595
0.06198000907897949,0.5732459713295158
0.06497883796691895,0.5783642389306723
0.0659782886505127,0.5834825065318286
0.06897783279418945,0.5937190417341414
0.07097744941711426,0.6090738445376106
0.07297587394714355,0.6193103797399234
0.0739755630493164,0.6244286473410798
0.07497549057006836,0.6346651825433927
0.07597494125366211,0.639783450144549
0.07697463035583496,0.6500199853468617
0.07797455787658691,0.6551382529480181
0.07897400856018066,0.6602565205491745
0.08097362518310547,0.6653747881503309
0.08197355270385742,0.6653747881503309
0.08297276496887207,0.6756113233526437
0.08397221565246582,0.6807295909538
0.08497238159179688,0.6858478585549564
0.08597207069396973,0.6960843937572693
0.08697128295898438,0.7012026613584256
0.08897137641906738,0.7114391965607384
0.09097099304199219,0.7114391965607384
0.09297037124633789,0.7216757317630511
0.09496951103210449,0.7421488021676768
0.09696841239929199,0.7472670697688333
0.09796786308288574,0.757503604971146
0.09996724128723145,0.7677401401734588
0.1009669303894043,0.7728584077746151
0.10296630859375,0.7933314781792408
0.1049654483795166,0.7984497457803971
0.10596513748168945,0.8138045485838662
0.1069648265838623,0.824041083786179
0.10796451568603516,0.8342776189884917
0.10996437072753906,0.8393958865896483
0.11096382141113281,0.8496324217919611
0.11196351051330566,0.8649872245954301
0.11296296119689941,0.8701054921965865
0.11396265029907227,0.8752237597977429
0.11496233940124512,0.890578562601212
0.11596250534057617,0.890578562601212
0.11696219444274902,0.9008150978035251
0.11796164512634277,0.9110516330058377
0.11896085739135742,0.9161699006069942
0.11996054649353027,0.9212881682081505
0.12096023559570312,0.9315247034104633
0.12195992469787598,0.941761238612776
0.12296009063720703,0.9519977738150889
0.12396001815795898,0.9571160414162454
0.12495923042297363,0.967352576618558
0.12695837020874023,0.9827073794220271
0.12795805931091309,0.9878256470231837
0.12895774841308594,1.0031804498266526
0.13095736503601074,1.0134169850289656
0.1319570541381836,1.0287717878324347
0.13295650482177734,1.0441265906359039
0.1339561939239502,1.0492448582370604
0.1359553337097168,1.059481393439373
0.13695549964904785,1.069717928641686
0.1379556655883789,1.0799544638439986
0.13895487785339355,1.085072731445155
0.1399543285369873,1.085072731445155
0.1419534683227539,1.1055458018497806
0.14295291900634766,1.1209006046532497
0.14495301246643066,1.136255407456719
0.14695215225219727,1.1413736750578753
0.14795136451721191,1.1669650130636573
0.14895153045654297,1.1823198158671262
0.14995217323303223,1.1925563510694392
0.15195059776306152,1.1976746186705955
0.15295028686523438,1.2130294214740647
0.15394949913024902,1.2335024918786903
0.15494942665100098,1.2386207594798468
0.15594911575317383,1.253975562283316
0.15694856643676758,1.2642120974856288
0.15794873237609863,1.2744486326879414
0.15894842147827148,1.279566900289098
0.15994834899902344,1.2898034354914107
0.16094756126403809,1.3051582382948799
0.16194725036621094,1.3102765058960362
0.1629467010498047,1.320513041098349
0.16394686698913574,1.3307495763006618
0.1649465560913086,1.346104379104131
0.16594600677490234,1.3563409143064435
0.1669456958770752,1.3665774495087566
0.1689450740814209,1.371695717109913
0.16994428634643555,1.3819322523122255
0.17194366455078125,1.4075235903180074
0.1729433536529541,1.4177601255203203
0.174943208694458,1.4433514635261022
0.17594265937805176,1.4535879987284153
0.17794251441955566,1.474061069133041
0.1789417266845703,1.48941587193651
0.18094110488891602,1.5047706747399792
0.18294024467468262,1.5201254775434485
0.18493986129760742,1.5354802803469176
0.18593955039978027,1.5508350831503865
0.18693947792053223,1.581544688757325
0.18793892860412598,1.5866629563584815
0.18893861770629883,1.5968994915607941
0.18993854522705078,1.6071360267631067
0.19093799591064453,1.6173725619654198
0.19293737411499023,1.632727364768889
0.1939375400543213,1.6429638999712015
0.19593596458435059,1.6634369703758274
0.19693565368652344,1.67367350557814
0.19893550872802734,1.6992648435839222
0.20093488693237305,1.7095013787862348
0.2019345760345459,1.7299744491908602
0.20293402671813965,1.7606840547977987
0.2039337158203125,1.765802322398955
0.20493316650390625,1.7760388576012676
0.2059330940246582,1.7862753928035806
0.20693302154541016,1.8067484632082063
0.207932710647583,1.8118667308093628
0.20893216133117676,1.8323398012139884
0.2099316120147705,1.8374580688151445
0.21093130111694336,1.8476946040174576
0.2119309902191162,1.8630494068209267
0.21393036842346191,1.8784042096243956
0.21493053436279297,1.8886407448267086
0.21692943572998047,1.9142320828324908
0.21792912483215332,1.9244686180348034
0.21892881393432617,1.9449416884394286
0.21992874145507812,1.9551782236417417
0.22092866897583008,1.9756512940463673
0.22292757034301758,1.9807695616475236
0.22392702102661133,1.9961243644509927
0.22592639923095703,2.016597434855618
0.22692632675170898,2.0319522376590875
0.22792601585388184,2.047307040462557
0.2289259433746338,2.0524253080637127
0.22992539405822754,2.0524253080637127
0.2309250831604004,2.083134913670651
0.23192453384399414,2.0984897164741207
0.232924222946167,2.1087262516764333
0.23392415046691895,2.118962786878746
0.2349238395690918,2.129199322081059
0.2369232177734375,2.144554124884528
0.23792266845703125,2.154790660086841
0.2389223575592041,2.180381998092623
0.23992204666137695,2.1906185332949355
0.2409219741821289,2.205973336098405
0.24192190170288086,2.216209871300718
0.24392104148864746,2.231564674104187
0.2449204921722412,2.2418012093064994
0.24592018127441406,2.262274279711125
0.24691987037658691,2.2776290825145944
0.24791979789733887,2.287865617716907
0.24891948699951172,2.308338688121532
0.24991941452026367,2.3134569557226894
0.2509186267852783,2.3236934909250015
0.25191807746887207,2.3339300261273146
0.2529177665710449,2.3492848289307835
0.2539174556732178,2.3595213641330965
0.2549173831939697,2.3748761669365654
0.2559173107147217,2.390230969740035
0.25691699981689453,2.400467504942348
0.2579162120819092,2.4107040401446604
0.25891590118408203,2.4209405753469726
0.26091527938842773,2.4311771105492856
0.2619149684906006,2.446531913352755
0.2639148235321045,2.4670049837573806
0.26491427421569824,2.4721232513585374
0.2659139633178711,2.4925963217631626
0.26691365242004395,2.5130693921677882
0.2679133415222168,2.5181876597689445
0.26891279220581055,2.5284241949712576
0.2699129581451416,2.5437789977747265
0.2719118595123291,2.548897265375883
0.27291178703308105,2.559133800578196
0.2739114761352539,2.574488603381665
0.27491116523742676,2.584725138583978
0.27691030502319336,2.594961673786291
0.2779102325439453,2.6103164765897597
0.27890968322753906,2.630789546994385
0.2799093723297119,2.6359078145955417
0.28090906143188477,2.6512626173990106
0.281933069229126,2.6614991526013236
0.28290843963623047,2.6717356878036362
0.2839081287384033,2.6819722230059493
0.2859072685241699,2.697327025809418
0.2869071960449219,2.712681828612887
0.2879068851470947,2.7229183638152
0.2889060974121094,2.738273166618669
0.28990626335144043,2.7536279694221384
0.2909059524536133,2.7587462370232947
0.29190611839294434,2.7689827722256077
0.292905330657959,2.7792193074279203
0.29390501976013184,2.784337575029077
0.2949047088623047,2.8048106454337023
0.29590415954589844,2.809928913034859
0.2969043254852295,2.8201654482371716
0.29790401458740234,2.8304019834394842
0.2989039421081543,2.8355202510406405
0.29990315437316895,2.8508750538441103
0.3009028434753418,2.8611115890464225
0.30190229415893555,2.8662298566475792
0.3029019832611084,2.881584659451048
0.30390167236328125,2.8867029270522044
0.30590152740478516,2.9020577298556733
0.3069007396697998,2.9071759974568305
0.3088998794555664,2.9276490678614557
0.30989980697631836,2.932767335462612
0.31189918518066406,2.953240405867238
0.3128995895385742,2.958358673468395
0.3148980140686035,2.9737134762718638
0.31589746475219727,2.97883174387302
0.31789708137512207,2.999304814277646
0.3198966979980469,3.0095413494799583
0.3208959102630615,3.0146596170811146
0.3218958377838135,3.030014419884584
0.32289552688598633,3.0351326874857403
0.3238952159881592,3.040250955086897
0.3258943557739258,3.050487490289209
0.3278937339782715,3.0607240254915222
0.32889342308044434,3.0709605606938353
0.33089303970336914,3.086315363497304
0.3318924903869629,3.0914336310984605
0.3338918685913086,3.101670166300773
0.3358910083770752,3.111906701503086
0.33689093589782715,3.122143236705399
0.33889007568359375,3.1323797719077118
0.3398902416229248,3.1323797719077118
0.34088993072509766,3.1528528423123374
0.3418893814086914,3.1528528423123374
0.34288907051086426,3.1579711099134937
0.3438887596130371,3.1579711099134937
0.34488868713378906,3.16308937751465
0.3458881378173828,3.1682076451158068
0.34688806533813477,3.173325912716963
0.3478879928588867,3.178444180318119
0.34888720512390137,3.1835624479192752
0.349886417388916,3.1835624479192752
0.35088610649108887,3.1886807155204315
0.3518860340118408,3.1989172507227446
0.35388636589050293,3.1989172507227446
0.3548851013183594,3.2040355183239013
0.3558845520019531,3.2091537859250576
0.3568844795227051,3.2142720535262135
0.35788393020629883,3.2193903211273702
0.3588838577270508,3.2193903211273702
0.35988330841064453,3.2193903211273702
0.3608837127685547,3.2245085887285265
0.3628823757171631,3.2245085887285265
0.36388206481933594,3.2245085887285265
0.3648817539215088,3.2245085887285265
0.36588168144226074,3.229626856329683
0.3668813705444336,3.229626856329683
0.36788153648376465,3.229626856329683
0.36988019943237305,3.229626856329683
0.3708798885345459,3.2347451239308396
0.37187981605529785,3.2347451239308396
0.3728795051574707,3.2347451239308396
0.37387895584106445,3.2449816591331526
0.3748795986175537,3.2449816591331526
0.3768782615661621,3.2347451239308396
0.37787747383117676,3.2449816591331526
0.3788771629333496,3.2449816591331526
0.37987709045410156,3.2449816591331526
0.3808765411376953,3.2449816591331526
0.38187670707702637,3.2449816591331526
0.3828763961791992,3.2449816591331526
0.38387584686279297,3.2449816591331526
0.3848757743835449,3.2449816591331526
0.3858754634857178,3.2449816591331526
0.3868753910064697,3.2449816591331526
0.3878746032714844,3.2449816591331526
0.38887524604797363,3.250099926734309
0.3898746967315674,3.250099926734309
0.39087414741516113,3.2449816591331526
0.3918731212615967,3.2449816591331526
0.39287304878234863,3.2449816591331526
0.3938729763031006,3.2449816591331526
0.39487266540527344,3.2449816591331526
0.3958725929260254,3.2449816591331526
0.39687180519104004,3.2449816591331526
0.3978714942932129,3.2449816591331526
0.39887094497680664,3.2449816591331526
0.3998706340789795,3.2347451239308396
0.40087127685546875,3.2449816591331526
0.4018704891204834,3.2449816591331526
0.40287041664123535,3.2449816591331526
0.40386962890625,3.2347451239308396
0.40486884117126465,3.229626856329683
0.4058685302734375,3.229626856329683
0.40686821937561035,3.229626856329683
0.4078681468963623,3.229626856329683
0.40886783599853516,3.229626856329683
0.41086697578430176,3.229626856329683
0.4118666648864746,3.229626856329683
0.41286635398864746,3.229626856329683
0.4138765335083008,3.229626856329683
0.41486597061157227,3.2245085887285265
0.4158658981323242,3.2245085887285265
0.41686582565307617,3.2245085887285265
0.4178650379180908,3.2245085887285265
0.41886448860168457,3.2245085887285265
0.4198641777038574,3.2193903211273702
0.4208638668060303,3.2193903211273702
0.4218637943267822,3.2193903211273702
0.4228634834289551,3.2193903211273702
0.42386388778686523,3.2142720535262135
0.4248628616333008,3.2142720535262135
0.42586231231689453,3.2142720535262135
0.4268620014190674,3.2091537859250576
0.42786192893981934,3.2091537859250576
0.4288616180419922,3.2091537859250576
0.42986154556274414,3.2091537859250576
0.4308614730834961,3.2040355183239013
0.43186020851135254,3.2040355183239013
0.4328598976135254,3.2040355183239013
0.43385958671569824,3.1989172507227446
0.4348595142364502,3.1886807155204315
0.43585920333862305,3.1886807155204315
0.4368588924407959,3.1886807155204315
0.43785929679870605,3.1835624479192752
0.4388582706451416,3.1886807155204315
0.43985772132873535,3.1835624479192752
0.4408574104309082,3.1835624479192752
0.44185757637023926,3.178444180318119
0.4428567886352539,3.178444180318119
0.44385671615600586,3.178444180318119
0.444857120513916,3.173325912716963
0.4468553066253662,3.1682076451158068
0.44785523414611816,3.1682076451158068
0.4488554000854492,3.16308937751465
0.44985485076904297,3.16308937751465
0.4508545398712158,3.1579711099134937
0.4518547058105469,3.1579711099134937
0.45385289192199707,3.1579711099134937
0.454852819442749,3.1528528423123374
0.4558525085449219,3.1528528423123374
0.4578516483306885,3.1528528423123374
0.4598512649536133,3.1528528423123374
0.46085071563720703,3.137498039508868
0.46285057067871094,3.1323797719077118
0.4638500213623047,3.1323797719077118
0.46485018730163574,3.1272615043065555
0.46684908866882324,3.1272615043065555
0.46884846687316895,3.1272615043065555
0.4698481559753418,3.122143236705399
0.4718477725982666,3.1170249691042424
0.47284793853759766,3.111906701503086
0.47484660148620605,3.1067884339019294
0.4758462905883789,3.1067884339019294
0.47684645652770996,3.0914336310984605
0.4778456687927246,3.0914336310984605
0.47884535789489746,3.0914336310984605
0.4798450469970703,3.086315363497304
0.48084521293640137,3.086315363497304
0.4818441867828369,3.086315363497304
0.48284387588500977,3.081197095896148
0.48384928703308105,3.0709605606938353
0.48484325408935547,3.0760788282949916
0.4858429431915283,3.0709605606938353
0.4868431091308594,3.0709605606938353
0.4878425598144531,3.0709605606938353
0.4898416996002197,3.0658422930926785
0.4908413887023926,3.0607240254915222
0.4928405284881592,3.0607240254915222
0.49384093284606934,3.0556057578903664
0.49583959579467773,3.050487490289209
0.4968392848968506,3.050487490289209
0.49783921241760254,3.040250955086897
0.4988389015197754,3.0351326874857403
0.49983882904052734,3.030014419884584
0.5018377304077148,3.0248961522834277
0.5038371086120605,3.0248961522834277
0.5048370361328125,3.0197778846822714
0.5068366527557373,3.0197778846822714
0.5088353157043457,3.0197778846822714
0.5098352432250977,3.0146596170811146
0.5108349323272705,3.004423081878802
0.5128340721130371,3.004423081878802
0.5148336887359619,2.999304814277646
0.5168328285217285,2.989068279075333
0.5178325176239014,2.9839500114741764
0.5198318958282471,2.97883174387302
0.5218324661254883,2.9737134762718638
0.5228314399719238,2.968595208670707
0.5238308906555176,2.9634769410695507
0.5248310565948486,2.9634769410695507
0.5258307456970215,2.958358673468395
0.5268299579620361,2.953240405867238
0.5278298854827881,2.953240405867238
0.5288300514221191,2.9430038706649246
0.5298292636871338,2.9430038706649246
0.5308287143707275,2.9430038706649246
0.5318279266357422,2.9378856030637683
0.5328280925750732,2.9378856030637683
0.533827543258667,2.932767335462612
0.5358269214630127,2.932767335462612
0.5368263721466064,2.9276490678614557
0.5388259887695312,2.9225308002602994
0.5398256778717041,2.9174125326591427
0.5418260097503662,2.9122942650579864
0.5428252220153809,2.9122942650579864
0.5448238849639893,2.9020577298556733
0.5458235740661621,2.9020577298556733
0.5478231906890869,2.891821194653361
0.5498225688934326,2.891821194653361
0.5518217086791992,2.891821194653361
0.5528213977813721,2.881584659451048
0.5548207759857178,2.876466391849892
0.5568203926086426,2.876466391849892
0.5588197708129883,2.8713481242487355
0.5608196258544922,2.8662298566475792
0.5628180503845215,2.8611115890464225
0.5648174285888672,2.855993321445266
0.56581711769104,2.8508750538441103
0.5668168067932129,2.8406385186417973
0.5678164958953857,2.8355202510406405
0.5688164234161377,2.8355202510406405
0.5698165893554688,2.8355202510406405
0.5718152523040771,2.8355202510406405
0.57281494140625,2.8304019834394842
0.573814868927002,2.8304019834394842
0.5748145580291748,2.8304019834394842
0.5758140087127686,2.8201654482371716
0.5768141746520996,2.8048106454337023
0.5778136253356934,2.8201654482371716
0.5788130760192871,2.815047180636015
0.57981276512146,2.815047180636015
0.5818123817443848,2.815047180636015
0.5828118324279785,2.809928913034859
0.5848109722137451,2.8048106454337023
0.585810661315918,2.8048106454337023
0.5868103504180908,2.8048106454337023
0.5878105163574219,2.8048106454337023
0.5898096561431885,2.8048106454337023
0.5908102989196777,2.7996923778325464
0.592808723449707,2.7996923778325464
0.5938084125518799,2.7894558426302334
0.5948083400726318,2.784337575029077
0.5958080291748047,2.784337575029077
0.5968077182769775,2.784337575029077
0.5978076457977295,2.784337575029077
0.599806547164917,2.7792193074279203
0.6008059978485107,2.784337575029077
0.6018059253692627,2.7792193074279203
0.6028053760528564,2.774101039826764
0.6038050651550293,2.7792193074279203
0.6048054695129395,2.774101039826764
0.606804370880127,2.7689827722256077
0.6078038215637207,2.763864504624451
0.6098029613494873,2.763864504624451
0.6118030548095703,2.763864504624451
0.6128027439117432,2.763864504624451
0.6138021945953369,2.7587462370232947
0.614802360534668,2.7587462370232947
0.6158015727996826,2.7587462370232947
0.6168015003204346,2.7536279694221384
0.6178009510040283,2.7536279694221384
0.6188008785247803,2.7536279694221384
0.6198010444641113,2.748509701820982
0.620800256729126,2.748509701820982
0.6217997074127197,2.748509701820982
0.6227996349334717,2.7536279694221384
0.6237990856170654,2.738273166618669
0.6247987747192383,2.748509701820982
0.6257987022399902,2.748509701820982
0.6267983913421631,2.738273166618669
0.6277973651885986,2.738273166618669
0.6287970542907715,2.738273166618669
0.6297972202301025,2.738273166618669
0.6307966709136963,2.733154899017513
0.6317963600158691,2.738273166618669
0.6327965259552002,2.738273166618669
0.6347947120666504,2.733154899017513
0.6357948780059814,2.733154899017513
0.6367948055267334,2.733154899017513
0.637794017791748,2.733154899017513
0.6387937068939209,2.733154899017513
0.6397936344146729,2.733154899017513
0.6407933235168457,2.733154899017513
0.6417927742004395,2.733154899017513
0.6427924633026123,2.728036631416357
0.6437923908233643,2.728036631416357
0.644791841506958,2.728036631416357
0.6457920074462891,2.7229183638152
0.6467914581298828,2.7229183638152
0.6477909088134766,2.7229183638152
0.6487905979156494,2.7229183638152
0.6497902870178223,2.7229183638152
0.6507902145385742,2.7229183638152
0.651789665222168,2.7229183638152
0.6527900695800781,2.7229183638152
0.6547887325286865,2.7229183638152
0.6557884216308594,2.7229183638152
0.6567881107330322,2.7229183638152
0.6577877998352051,2.7229183638152
0.6587874889373779,2.7229183638152
0.6597878932952881,2.7229183638152
0.6617865562438965,2.7229183638152
0.6627860069274902,2.7229183638152
0.6637856960296631,2.7229183638152
0.6647853851318359,2.7229183638152
0.6657850742340088,2.7229183638152
0.6667852401733398,2.717800096214044
0.6677846908569336,2.7229183638152
0.6687841415405273,2.7229183638152
0.6697838306427002,2.7229183638152
0.670783281326294,2.7229183638152
0.671783447265625,2.7229183638152
0.6727831363677979,2.7229183638152
0.6737830638885498,2.7229183638152
0.6757817268371582,2.7229183638152
0.6767816543579102,2.7229183638152
0.6777818202972412,2.7229183638152
0.678781270980835,2.7229183638152
0.6797807216644287,2.7229183638152
0.6807808876037598,2.7229183638152
0.6827797889709473,2.7229183638152
0.6837794780731201,2.7229183638152
0.6847789287567139,2.7229183638152
0.6867785453796387,2.7229183638152
0.6877782344818115,2.7229183638152
0.6887786388397217,2.7229183638152
0.690777063369751,2.728036631416357
0.6917774677276611,2.7229183638152
0.6927764415740967,2.7229183638152
0.6937763690948486,2.7229183638152
0.6947762966156006,2.7229183638152
0.6957757472991943,2.7229183638152
0.6977746486663818,2.7229183638152
0.6987745761871338,2.7229183638152
0.6997745037078857,2.7229183638152
0.7007741928100586,2.7229183638152
0.7017743587493896,2.7229183638152
0.7037732601165771,2.7229183638152
0.7047727108001709,2.7229183638152
0.7057726383209229,2.7229183638152
0.7067720890045166,2.7229183638152
0.7077717781066895,2.7229183638152
0.7087719440460205,2.7229183638152
0.7097716331481934,2.7229183638152
0.7107710838317871,2.7229183638152
0.7117705345153809,2.7229183638152
0.7127707004547119,2.7229183638152
0.7137701511383057,2.7229183638152
0.7147698402404785,2.7229183638152
0.7157697677612305,2.7229183638152
0.716768741607666,2.7229183638152
0.7177684307098389,2.7229183638152
0.7187683582305908,2.7229183638152
0.7197678089141846,2.7229183638152
0.7217671871185303,2.7229183638152
0.7227675914764404,2.7229183638152
0.7247664928436279,2.7229183638152
0.7257661819458008,2.7229183638152
0.7267658710479736,2.7229183638152
0.7277655601501465,2.7229183638152
0.7287652492523193,2.7229183638152
0.7297651767730713,2.7229183638152
0.7317640781402588,2.7229183638152
0.7327642440795898,2.7229183638152
0.7337636947631836,2.7229183638152
0.7347633838653564,2.7229183638152
0.7367627620697021,2.7229183638152
0.7377622127532959,2.7229183638152
0.7387621402740479,2.7229183638152
0.7397618293762207,2.7229183638152
0.7407615184783936,2.7229183638152
0.7417612075805664,2.728036631416357
0.7427606582641602,2.7229183638152
0.7437846660614014,2.7229183638152
0.7447597980499268,2.7229183638152
0.7457594871520996,2.7229183638152
0.7467591762542725,2.7229183638152
0.7477593421936035,2.7229183638152
0.7487585544586182,2.7229183638152
0.749758243560791,2.7229183638152
0.7507586479187012,2.7229183638152
0.7517578601837158,2.7229183638152
0.7527573108673096,2.7229183638152
0.7537569999694824,2.7229183638152
0.7547566890716553,2.7229183638152
0.7557563781738281,2.7229183638152
0.756756067276001,2.7229183638152
0.757756233215332,2.7229183638152
0.7587554454803467,2.7229183638152
0.7597551345825195,2.7229183638152
0.7607548236846924,2.7229183638152
0.7617547512054443,2.7229183638152
0.7627542018890381,2.7229183638152
0.76375412940979,2.7229183638152
0.7647535800933838,2.7229183638152
0.7657532691955566,2.7229183638152
0.7677524089813232,2.7229183638152
0.7687525749206543,2.728036631416357
0.769751787185669,2.7229183638152
0.7707514762878418,2.7229183638152
0.7717511653900146,2.7229183638152
0.7727508544921875,2.7229183638152
0.7747499942779541,2.7229183638152
0.775749921798706,2.7229183638152
0.7767496109008789,2.7229183638152
0.7777493000030518,2.7229183638152
0.7787492275238037,2.7229183638152
0.7807483673095703,2.7229183638152
0.7817480564117432,2.7229183638152
0.7837474346160889,2.7229183638152
0.7847471237182617,2.7229183638152
0.7857470512390137,2.7229183638152
0.7867465019226074,2.7229183638152
0.7877461910247803,2.7229183638152
0.7887458801269531,2.7229183638152
0.7897462844848633,2.7229183638152
0.7907452583312988,2.7229183638152
0.7917449474334717,2.7229183638152
0.7927448749542236,2.7229183638152
0.7937445640563965,2.7229183638152
0.7947442531585693,2.7229183638152
0.795743465423584,2.7229183638152
0.7967431545257568,2.7229183638152
0.7977428436279297,2.7229183638152
0.7987425327301025,2.7229183638152
0.7997424602508545,2.7229183638152
0.8007419109344482,2.7229183638152
0.8017416000366211,2.7229183638152
0.8027632236480713,2.7229183638152
0.8037412166595459,2.7229183638152
0.8047406673431396,2.7229183638152
0.8057403564453125,2.728036631416357
0.8067402839660645,2.7229183638152
0.8077397346496582,2.7229183638152
0.808739423751831,2.7229183638152
0.8097388744354248,2.7229183638152
0.8107388019561768,2.7229183638152
0.8127381801605225,2.7229183638152
0.8137383460998535,2.7229183638152
0.8147375583648682,2.7229183638152
0.815737247467041,2.7229183638152
0.8167369365692139,2.7229183638152
0.8177366256713867,2.7229183638152
0.8187358379364014,2.7229183638152
0.8197355270385742,2.7229183638152
0.8207359313964844,2.7229183638152
0.821735143661499,2.7229183638152
0.8227348327636719,2.7229183638152
0.8237342834472656,2.7229183638152
0.8247339725494385,2.7229183638152
0.8257336616516113,2.7229183638152
0.8267335891723633,2.7229183638152
0.8277337551116943,2.728036631416357
0.8297324180603027,2.7229183638152
0.8307328224182129,2.7229183638152
0.8317320346832275,2.7229183638152
0.8327317237854004,2.728036631416357
0.8337314128875732,2.728036631416357
0.8357305526733398,2.7229183638152
0.8377306461334229,2.7229183638152
0.8387298583984375,2.7229183638152
0.8397295475006104,2.7229183638152
0.8407294750213623,2.7229183638152
0.841728925704956,2.7229183638152
0.8427286148071289,2.7229183638152
0.8437283039093018,2.7229183638152
0.8447284698486328,2.7229183638152
0.8457274436950684,2.7229183638152
0.8467271327972412,2.7229183638152
0.8477268218994141,2.728036631416357
0.848726749420166,2.7229183638152
0.8497264385223389,2.7229183638152
0.8507261276245117,2.7229183638152
0.8517260551452637,2.7229183638152
0.8527252674102783,2.7229183638152
0.8537249565124512,2.7229183638152
0.854724645614624,2.7229183638152
0.855724573135376,2.7229183638152
0.8577237129211426,2.7229183638152
0.8587234020233154,2.7229183638152
0.8597228527069092,2.7229183638152
0.860722541809082,2.7229183638152
0.8617227077484131,2.7229183638152
0.8627223968505859,2.7229183638152
0.8637218475341797,2.7229183638152
0.8647215366363525,2.7229183638152
0.8657212257385254,2.7229183638152
0.8667209148406982,2.7229183638152
0.867720365524292,2.7229183638152
0.8687200546264648,2.7229183638152
0.8697202205657959,2.728036631416357
0.8707191944122314,2.7229183638152
0.8717188835144043,2.7229183638152
0.8727188110351562,2.7229183638152
0.87371826171875,2.7229183638152
0.8747179508209229,2.7229183638152
0.8757181167602539,2.7229183638152
0.8777170181274414,2.7229183638152
0.8787167072296143,2.7229183638152
0.8807165622711182,2.7229183638152
0.8817160129547119,2.7229183638152
0.8827154636383057,2.7229183638152
0.8837156295776367,2.7229183638152
0.8857147693634033,2.7229183638152
0.8867144584655762,2.7229183638152
0.887714147567749,2.7229183638152
0.8887138366699219,2.7229183638152
0.8897137641906738,2.7229183638152
0.8907134532928467,2.7229183638152
0.8917126655578613,2.7229183638152
0.8927123546600342,2.7229183638152
0.8937122821807861,2.7229183638152
0.8947117328643799,2.7229183638152
0.8957116603851318,2.7229183638152
0.8967118263244629,2.7229183638152
0.8977110385894775,2.7229183638152
0.8987102508544922,2.7229183638152
0.899709939956665,2.7229183638152
0.900709867477417,2.7229183638152
0.9017095565795898,2.7229183638152
0.9027092456817627,2.7229183638152
0.9037089347839355,2.7229183638152
0.9047086238861084,2.7229183638152
0.906707763671875,2.7229183638152
0.907707691192627,2.7229183638152
0.9087073802947998,2.7229183638152
0.9097068309783936,2.7229183638152
0.9107067584991455,2.7229183638152
0.9117062091827393,2.7229183638152
0.913705587387085,2.7229183638152
0.9147071838378906,2.7229183638152
0.9157052040100098,2.7229183638152
0.9167051315307617,2.7229183638152
0.9177043437957764,2.7229183638152
0.9187045097351074,2.7229183638152
0.9197037220001221,2.7229183638152
0.9207034111022949,2.7229183638152
0.9227025508880615,2.7229183638152
0.9237022399902344,2.7229183638152
0.9247026443481445,2.7229183638152
0.9257018566131592,2.7229183638152
0.9277009963989258,2.717800096214044
0.9297003746032715,2.7229183638152
0.9307000637054443,2.7229183638152
0.9316999912261963,2.7229183638152
0.93269944190979,2.7229183638152
0.9336996078491211,2.7229183638152
0.9347071647644043,2.7229183638152
0.9356987476348877,2.7229183638152
0.9376978874206543,2.7229183638152
0.9386975765228271,2.7229183638152
0.9396975040435791,2.7229183638152
0.940697193145752,2.7229183638152
0.9416966438293457,2.7229183638152
0.9426968097686768,2.717800096214044
0.9436964988708496,2.7229183638152
0.9446959495544434,2.717800096214044
0.9456956386566162,2.7229183638152
0.9466953277587891,2.7229183638152
0.9476950168609619,2.7229183638152
0.9486949443817139,2.7229183638152
0.9496946334838867,2.7229183638152
0.9506943225860596,2.7229183638152
0.9516935348510742,2.7229183638152
0.9526939392089844,2.7229183638152
0.9536936283111572,2.7229183638152
0.9546923637390137,2.7229183638152
0.9566917419433594,2.7229183638152
0.9576916694641113,2.7229183638152
0.9586918354034424,2.717800096214044
0.9606907367706299,2.717800096214044
0.9626903533935547,2.7229183638152
0.9636895656585693,2.717800096214044
0.9646892547607422,2.7229183638152
0.9656894207000732,2.7229183638152
0.966688871383667,2.717800096214044
0.9686880111694336,2.717800096214044
0.9696879386901855,2.7229183638152
0.9706873893737793,2.7229183638152
0.9716870784759521,2.7229183638152
0.973686933517456,2.717800096214044
0.9746859073638916,2.7229183638152
0.9756855964660645,2.7229183638152
0.9766864776611328,2.717800096214044
0.9776852130889893,2.717800096214044
0.978684663772583,2.717800096214044
0.9796843528747559,2.717800096214044
0.9806845188140869,2.717800096214044
0.9816837310791016,2.717800096214044
0.9826834201812744,2.717800096214044
0.9836831092834473,2.717800096214044
0.9846827983856201,2.717800096214044
0.985682487487793,2.717800096214044
0.9866819381713867,2.7229183638152
0.9876821041107178,2.717800096214044
0.9886815547943115,2.717800096214044
0.9896814823150635,2.717800096214044
0.9906811714172363,2.7229183638152
0.991680383682251,2.717800096214044
0.9926803112030029,2.717800096214044
0.9936800003051758,2.717800096214044
0.9946796894073486,2.717800096214044
0.9956793785095215,2.717800096214044
0.9966793060302734,2.717800096214044
0.9976789951324463,2.717800096214044
0.9996781349182129,2.717800096214044
1.0006775856018066,2.717800096214044
